<?xml version="1.0" encoding="UTF-8"?>

<beans xmlns="http://www.springframework.org/schema/beans"
	xmlns:p="http://www.springframework.org/schema/p" 
	xmlns:context="http://www.springframework.org/schema/context"
	xmlns:jee="http://www.springframework.org/schema/jee" 
	xmlns:tx="http://www.springframework.org/schema/tx"
	xmlns:jpa="http://www.springframework.org/schema/data/jpa"
	xmlns:xsi="http://www.w3.org/2001/XMLSchema-instance"
	xsi:schemaLocation="http://www.springframework.org/schema/beans
        http://www.springframework.org/schema/beans/spring-beans-4.0.xsd
        http://www.springframework.org/schema/context
        http://www.springframework.org/schema/context/spring-context-4.0.xsd
        http://www.springframework.org/schema/jee
        http://www.springframework.org/schema/jee/spring-jee-4.0.xsd
        http://www.springframework.org/schema/tx
        http://www.springframework.org/schema/tx/spring-tx-4.0.xsd
        http://www.springframework.org/schema/data/jpa
        http://www.springframework.org/schema/data/jpa/spring-jpa.xsd">

	<context:component-scan base-package="ngnewbie">
		<!-- 페이지 컨트롤러는 프런트 컨트롤러에서 관리하기 때문에 제외함 -->
		<context:exclude-filter type="regex"
			expression="ngnewbie.controller.*" />
	</context:component-scan>

	<!-- 톰캣 서버에 설정된 JNDI DateSource 가져오기 -->
	<jee:jndi-lookup id="dataSource" jndi-name="java:comp/env/jdbc/bitdb" />

	<!-- sqlSessionFactoryBean으로부터 sqlSessionFactory 객체 만들기 -->
	<bean id="sqlSessionFactory" class="org.mybatis.spring.SqlSessionFactoryBean">
		<property name="dataSource" ref="dataSource" />
		<property name="mapperLocations" value="classpath*:ngnewbie/dao/*-mapper.xml" />
		<property name="typeAliasesPackage" value="ngnewbie/vo" />
	</bean>

	<!-- 트랜젝션 관리자 설정 -->
	<bean id="transactionManager"
		class="org.springframework.jdbc.datasource.DataSourceTransactionManager">
		<property name="dataSource" ref="dataSource" />
	</bean>

	<!-- @Transactional 등 트랜잭션 관련 애노테이션을 처리할 객체 등록 -->
	<tx:annotation-driven transaction-manager="transactionManager" />

  <!-- MyBatis가 DAO 구현체 자동 생성 처리기 등록  -->
  <!-- DAO 구현체를 자동 생성할 때 규칙
       1) SQL 맵퍼 파일의 네임스페이스는 인터페이스의 패키지명과 같아야 한다. 
       2) 맵퍼 파일의 SQL 아이디는 인터페이스의 메서드 이름과 같아야 한다.
       3) 인터페이스의 메서드는 한 개의 파라미터만 있어야 한다. 
  -->
	<bean class="org.mybatis.spring.mapper.MapperScannerConfigurer">
    <!-- DAO 인터페이스의 패키지 정보 지정 -->
		<property name="basePackage" value="ngnewbie.dao" />
	</bean>

</beans>